{"username":"HxOr1337","password":"$2y$10$z\/p1DldNQIK97R2CIpt\/7OOrb2W\/kx4Uj2D5A5vGTUDi2lgCwPuTa","email":"aaa@aaa.com","timezone":"UTC","created":"2022\/04\/24 15:58:14","createdmt":"0.84209500 1650808694","profile":"I have not filled this in yet","profilecomments":[],"apps":[],"hasPublishedCB":false,"comicbooks":[0],"ownedComics":[],"points":3000,"cmsg":0,"forumPosts":[],"reputation":1500,"banned":0,"admin":0,"ownedApps":[],"drawings":[],"pms":[{"subject":"Test PM","from":"HxOr1337","cont":"Hello there! This is a test PM!"},{"from":"FBI","subject":"IMPORTANT","cont":"We have found 300 GB of pirated hentai on your computer, please surrender."}]}