{"username":"OmegaReploid","banexpire":0,"password":"$argon2id$v=19$m=65536,t=4,p=1$WjlZZnlVbUN3aG5GRS5pMQ$5Y+YyDwDCQijNf79jpcQHOSZrSff40UwBP8VVZRM\/8E","email":"Rmjethereploid@gmail.com","timezone":"UTC","created":"2022\/04\/25 17:28:42","createdmt":"0.55461900 1650900522","profile":"I have not filled this in yet","profilecomments":[],"apps":[],"hasPublishedCB":false,"comicbooks":[0],"ownedComics":[],"points":0,"cmsg":0,"forumPosts":[],"reputation":1500,"banned":0,"admin":0,"ownedApps":[],"drawings":[],"pms":[]}