{"username":"sudaox","banexpire":0,"password":"$2y$10$lOV\/mAmMmWKTxJySW1vSDOLjMbAjx8bZFBqJJfoj6GdmiRKj8fIMG","email":"pauzukor2001@gmail.com","timezone":"UTC","created":"2022\/04\/24 17:17:33","createdmt":"0.50270000 1650813453","profile":"I have not filled this in yet","profilecomments":[],"apps":[],"hasPublishedCB":false,"comicbooks":[0],"ownedComics":[],"points":0,"cmsg":0,"forumPosts":[],"reputation":1500,"banned":0,"admin":0,"ownedApps":[],"drawings":[],"pms":[{"subject":"pm send test","from":"HxOr1337","cont":"test you bitch"},{"from":"CockSexer","subject":"Wanna have sex?","cont":"Wanna have sex at like 3am where nobody is awake?\\n\\n\\nhttp:\/\/sexerporn.com\/"},{"from":"PenisCummer","subject":"Hey","cont":"When are you gonna drop the penis?"}]}