{"username":"twelve","banexpire":0,"password":"$argon2id$v=19$m=65536,t=4,p=1$VThSZ2V6M01meEZRUzIvSw$PyH5xX4fxpR5+H71h2d7BsSzhzw8xKp0NLAeEgq\/CU0","email":"dinosaurcarrot@yopmail.com","timezone":"UTC","created":"2022\/04\/25 18:11:38","createdmt":"0.72062600 1650903098","profile":"I have not filled this in yet","profilecomments":[],"apps":[],"hasPublishedCB":false,"comicbooks":[0],"ownedComics":[],"points":0,"cmsg":0,"forumPosts":[],"reputation":1500,"banned":0,"admin":0,"ownedApps":[],"drawings":[],"pms":[{"subject":"Hey bitch!","from":"HxOr1337","cont":"Respond on discord if you recieved this PM"}]}