{"name":"General Beta","description":"General topic for all users to use (beta)","allowGuest":false,"posts":[{"title":"You can now post to the forums","from":"HxOr1337","cont":"Great news everyone, you can now post to the forms!\r\n\r\nThis is a test, unfortunately. :troll:","time":1651021306,"com":[]},{"title":"System Post","from":"System","cont":"wuzzup guise???","time":0,"com":[]},{"title":"Hey guys","from":"HxOr1337","cont":"Hey guys\n\n[code]<?php\n\/\/ Hello everyone, this is my first\n\/\/ post. I'm not exactly sure how\n\/\/ all this will play out on the\n\/\/ Nintendo 3DS, but here's to\n\/\/ hoping highlight.js plays\n\/\/ nice with the Nintendo 3DS\n?>[\/code]","time":0,"com":[]},{"title":"test","from":"HxOr1337","cont":"test! testity test test test...\r\n\r\n\r\nballs","time":1651021123,"com":[]}]}