{"name":"General Beta","description":"General topic for all users to use (beta)","allowGuest":false,"posts":[{"title":"System Post","from":"System","cont":"wuzzup guise???","time":0,"com":[]},{"title":"Hey guys","from":"HxOr1337","cont":"Hey guys\n\n[code]<?php\n\/\/ Hello everyone, this is my first\n\/\/ post. I'm not exactly sure how\n\/\/ all this will play out on the\n\/\/ Nintendo 3DS, but here's to\n\/\/ hoping highlight.js plays\n\/\/ nice with the Nintendo 3DS\n?>[/code]","time":0,"com":[]}]}