{"name":"KillerBot 6000","desc":"A room with very harsh moderation. Proceed with caution!","max":51,"color":"#e0e0e0","whispersenabled":true,"forbiddenCommands":["\/milk","\/bal"],"msg":[{"cont":"TEST","time":1651014709,"type":"message","color":"red","visibility":"all","from":"HxOr1337"},{"cont":"this is being captured by wireshark","time":1651014707,"type":"message","color":"red","visibility":"all","from":"HxOr1337"},{"cont":"hello","time":1651014700,"type":"message","color":"red","visibility":"all","from":"HxOr1337"},{"cont":"OH","time":1651005559,"type":"message","color":"red","visibility":"all","from":"HxOr1337"},{"cont":"hello?","time":1651005554,"type":"message","color":"red","visibility":"all","from":"HxOr1337"},{"cont":"my messages aren't going through","time":1651005552,"type":"message","color":"red","visibility":"all","from":"HxOr1337"},{"cont":"Is anyone there?","time":1651005541,"type":"message","color":"red","visibility":"all","from":"HxOr1337"},{"cont":"Hello","time":1651005541,"type":"message","color":"red","visibility":"all","from":"HxOr1337"},{"cont":"what whisper was sent","time":1651000684,"type":"message","color":"red","visibility":"all","from":"HxOr1337"}]}